city,count
"Montreal, QC",3
L'Épiphanie,88
Saint-Alexandre,6
Les Coteaux,142
Saint-André-d'Argenteuil,767
Saint-Basile-le-Grand,28
Kiryas Tosh,5
Sainte-Marthe-sur-le-Lac,1709
Pointe-Claire,3071
Saint-Constant,2332
montréal,1
Monttréal,2
Varennes,30
Bois-des-Filion,1082
Kirkland,2054
Saint Laurent,1
Terrebonne,11348
Saint-Bruno de Montarville,1
Rigaud,1373
Sainte-Madeleine,4
Sainte-Marthe,157
Sainte-Martine,36
Oka,855
Prévost,505
Sainte-Angèle-de-Monnoir,144
Saint-Jacques-le-Mineur,126
Saint-Jérôme,8103
L'Île-Perrot,919
Mirabel,5084
Contrecoeur,38
Saint-Hubert,7
Saint-Philippe,576
St. Laurent,1
Saint-Polycarpe,206
Coteau-du-Lac,832
Momtreal,1
Saint-Léonard,82
Saint-Lazare,3566
Township of East Hawkesbury,140
Kahnawake,49
Boucherville,20
Saint-Joseph-du-Lac,747
Saint-Mathias-sur-Richelieu,540
saint hubert,1
Côte Saint-Luc,1
lachine,1
Montréal,80021
L'Île-Cadieux,4
Marieville,1299
Richelieu,655
Saint-Denis-sur-Richelieu,373
Saint-Édouard,8
Montréa,1
Notre-Dame-de-l'Île-Perrot,1372
Saint-Césaire,36
Saint-Rémi,66
Outremont,12
Lachenaie,1
Salaberry-de-Valleyfield,1618
La Prairie,2204
Boibriand,1
Anjou,3
Très-Saint-Rédempteur,196
Deux-Montagnes,1637
Montréal-Est,420
Terrasse-Vaudreuil,333
Saint-Michel,12
Candiac,1822
Sainte-Thérèse,2609
St-Basile-le-Grand,13
Saint-Clet,293
LaSalle,2
Dollard-des-Ormeaux,6
St-Laurent,1
Sainte-Geneviève,9
Saint-Amable,3
Saint-Bruno-de-Montarville,7
Mont-Saint-Hilaire,2
Pincourt,1424
Beloeil,14
Lasalle,29
Saint-Bruno,21
Mont-Royal,1929
Montréal-Nord,22
Saint-Sauveur,4
Kanesatake,71
Pointe-Fortune,161
St-Bruno-De-Montarville,1
Blainville,5337
Greenfield Park,11
Saint-Jean-sur-Richelieu,10067
Saint-Télesphore,95
montreal,1
Sainte-Julie,7
Léry,216
Saint-Bernard-de-Michaudville,102
Charlemagne,455
Pointe-Calumet,1082
Brossard,2365
Lorraine,1356
Milles-Isles,1
Sainte-Brigide-d'Iberville,196
Brownsburg-Chatham,1087
Saint-Ours,16
Wentworth,194
Beauharnois,1640
Les Cedres,1
Ste-Julie,1
Wentworth-Nord,2
Sainte-Anne-des-Plaines,1379
Chambly,2409
Notre-Dame-de-Bonsecours,1
Vaudreuil-Dorion,3811
"Montréal, QC",19
Saint-Jean-Baptiste-de-Rouville,1
Saint-Colomban,2537
Saint-Antoine-sur-Richelieu,238
Saint-Jude,10
Sainte-Sabine,4
Monréal,1
Lachine,129
Montreal,177
Saint-Lin - Laurentides,1393
Rougemont,289
Pointe-des-Cascades,188
Lemoyne,1
Westmount,1406
Sainte-Justine-de-Newton,122
Saint-Sulpice,308
Sainte-Anne-des-Lacs,177
Les Cèdres,960
Saint-Mathieu,364
Mercier,1227
Châteauguay,5269
Longueuil,7528
Verchères,716
Ville Saint-Laurent,3
Hudson,1129
Sallaberry-de-Valleyfield,1
Ville de Mont-Royal,4
Dorval,2328
Beaconsfield,2758
Verdun,36
Saint-Eustache,4136
Côte-Saint-Luc,1381
Sainte-Catherine,1434
Sainte-Anne-de-Bellevue,598
Saint-Roch-de-Richelieu,6
Boisbriand,2540
Saint-Lambert,2079
L'Île-Dorval,63
Sainte-Sophie,1938
Hampstead,636
Carignan,876
Dollard-Des Ormeaux,3672
Gore,863
saint-Amable,1
Pierrefonds,168
châteauguay,1
Calixa-Lavallée,32
Mille-Isles,514
Saint-Damase,4
Saint-Isidore,202
Baie-D'Urfé,833
Mascouche,4803
Rosemère,2257
Delson,875
St-Amable,1
Township of North Glengarry,14
Lachute,1976
Saint-Roch-de-l'Achigan,134
St-Mathieu-de-Beloeil,1
Saint-Jean-Sur-Richelieu,1
La Présentation,1
Roxboro,1
Repentigny,8134
Township of Alfred and Plantagenet,12
Morin-Heights,6
Saint-Placide,360
"Montréal,",1
L'Assomption,1157
Vaudreuil-sur-le-Lac,248
Laval,35594
Senneville,141
Saint-Laurent,33
Montréal-Ouest,459
Mont-Saint-Grégoire,361
Monreal,1
Saint-Jean-Baptiste,68
