original,corrected,count
Rue Blainville O.,Rue Blainville Ouest,1
Ontario E.,Ontario Est,4
Jarry E,Jarry Est,1
Sainte-Catherine O,Sainte-Catherine Ouest,1
Maurice-Duplessis Blvd ,Maurice-Duplessis Boulevard,1
Boulevard de Maisonneuve O,Boulevard de Maisonneuve Ouest,1
Boulevard de la Seigneurie O.,Boulevard de la Seigneurie Ouest,1
St-Charles Blvd,St-Charles Boulevard,5
Rue Sainte-Catherine O,Rue Sainte-Catherine Ouest,1
Rue Jarry E,Rue Jarry Est,1
Mont-Royal E,Mont-Royal Est,1
St-Charles blvd,St-Charles Boulevard,3
Rue Rachel E,Rue Rachel Est,1
Boulevard Roméo Vachon N,Boulevard Roméo Vachon Nord,2
Hymus blvd,Hymus Boulevard,1
Boulevard de la Concorde O,Boulevard de la Concorde Ouest,1
