user,num_posts
accerules,790
Julie D,8
Baube,404
Brett Camper,1
don-vip,1
f_l_b123,1
aledeg,50
Sundance,2159
loupdeville,1
Mathieu GP,1
OSMF Redaction Account,1522
Ataraxic,114
andrew_bb,1
jorge_o,107
l'anglais,7
jtheoret,108
cgu66,86
teaspoon,2
trolledbypro,92
Nikko62,1
tdb93,12
Vincent Costel,1
Lightbox,1
Anna Filina,18
Basstoelpel,2
kekeje,1
Pnrrth,443
fgoupil,2
Glenn24,43
Fraxion,3909
sdeij,1
eriga,1560
Squid3083,23
Txnbla,1
jfgagnon,1
Männedorf,290
gaspardle,4
SoulMap,2
mikef2015,19
Mindless Wolf,5
Jimmy MTL,115
JB82,95
Anne Goldenberg,4
Tzwenn,16
joplam,1
sfllaw,2
Ozvelpoon,256
ncocha,8
David & Christine Schmitt,15
IanReid,6644
450qc,5
Executor,9
will-i-am,6
Jean-Yves Hemlin,32
Mfkiki,28
lukas2k,24
Saulee Vava,2
brunoqc,2411
Bryce C Nesbitt,1
Montrealer,1
BitcoinMaps,1
CCBC,10
Ed Hawco,5
BoomWav,6
kristifers,18
sh0ck,1
Chamitae,2
mg_osm,1
Mo Mentum,1
Bastoune,6
S@ndy Summer,14
SrrReal,1
x5frt,1
Ropino,14
MQmtl,1
chrisduc,38
André Salles,1
Nicolas Schurando,14
Vincent Dém,1
ldgeo,3
MaxTgv,73
YanTremblay,16578
moyogo,8348
daland1,1
CaBz,4
tnorth,23
andremarc57,8
YMRTech,2
avonman999,18
Walter Schlögl,13
Shawn3,31
Jean-François Henry,5
Richard Pearson,114
löcknitzpaddler,20
mzac78,110
Mathieu Marquer,1666
Marineau,1
Jean-Marc Brun,1
Little Brother,382
marcodena,3
JCharest,79
emiemi,1
Mh_dp,126
Shoe Claque,5
Dami_Tn,95
alexvieth,41
louispq,10
GEO4LIFE,123
belisch,69
scaquard,14
rolandg,142
tril0,13
Francesco710,1
Jean-Luc,235
Thomas8122,1
Pytheas,6
La Chaussiére,112
Luca Scarongella,1
Availlant,62
XioTD,155
eiger,1
Zonta,6
longnoz,13
jlOTP,51
Delphine J-B,3
Yanik Crépeau,10
Fady Mina,3
JFDionne,7
Manue Julien,1
dlb_,9
MontrealUnderground,1
Faucon Ingénieux,301
margnificent,18
cartinus,1
Procrastigator,27
CHN,9
Shinigami,1
Étienne De Villers,2
marochette,35
David A R,131
sydes1,138
Dero Bike Racks,1
Stefan de Konink,5
vkungys,17
j3d,1
mdk,21
Sparks,6
Pourpre,1
Paddlegamer,7
xgx,2
Frédéric Chauvière,4
julienvirtuel,3
alexandre_willame,29
Serani,2
defishel,5
rvin,2
NadiaL,8
lukepw,1
kindastuff,17
Nakilio,292
slamzy,8
Okan Ada,326
Kevo,391
JDEMAN,16
yoyodanjoe,6935
Guillaume Lebrun,22
pathym,4519
weatherrock,13
vincdls,80
Xmapper,5
netgrim,389
lesko987,4
MarioFaubert,1
xuf,1
guideshaies,136
Barthelemy Boisguerin,2
SamB23,19
Rolaro,1
Caezarix,4
rhymeswithcycle,35
Pixtur,101
shensche,2
GoWestTravel,6
OpenCo,11
stoecker,45
wenboown,2
Martin St-Jean,10
S Zaroubi,1
chdr,2186
SteveMtl,16
YOWSER,37
Derick Rethans,225
haveyougotanypets,16
neuhausr,38
Jfact0ry,48
BrBr,39
Antoine Reversat,1
Turpinator,19
Spontex,11
spacepawn,1
Artem Garanin,5
elpedalo,16
LavertuJS,1
Zixiong,1
FelixINX,10
KegRestaurants,5
laboumerde,1
thetornado76,16
pmlarouche,3
cleard,31
valrr,2
gsa,1
Frédéric Brière,7
Syl,17
jeansimon89,2650
saintam1,4657
kelvinc,1
Globecar,7
Alberg,1
Aaron Lidman,1
lvcm,2
EMichaud,88
NeDra,7
Peuc_imports,1
JayD211,8
therealclump,2
hotalex123,8
JeanRob98,7336
Michael Zajac,14
Johnny Carlsen,2
maillotbrun,128
boucherville,91
paul-émile,26
Reclus,1
tanilolli,926
Emmanuel Milou,4
raubraupe,2
Minautor,111
DMonrad,8
louism,155
Nicolas “Nqœ” Moreau,27
theme,68
Cataclaw,50
keepright! ler,117
RKM94,11
dernotte,8
crantila,5
cbkiyanda,468
jeremy2491,14
spiette,14
rosvicl,2
DenisBra,6
jimmybaloukas,4
Adrianod,4
Peuc,3369
RoadRelationEdits,2
Stephanoux,440
Jerry1488,1
dcarrier,3793
kosmatos,5
Katana10,569
MikeTwo,163
Le Nordiq,12
aqua3oo1,5
Spanholz,219
Gustry,21
Haebeen Bae,1
BuyButaneGas,1
NPaquin,1
PatElie,3
lpmorin,1
sanchi,3
Noviant,2883
Zachary77F,84
Expoldmontreal,36
LatLng,146
blleinininger,1
Corentin F,12
Philippe Rouleau,115
asperger514,17
demvin,1
jongleur1983,10
mbuffet,11
Deanna Earley,2
ToParIs,4
zimirrr,2
alester,2
neocliff,1
Admin CTICI,2
Blu3Tig3r316,27
subvertc,19
thedude666,25
aceman444,7
Fouigee,20
procyon43,140516
wamoine,26
PholloxMTL,10
mermer44,90
Adamm,3
phlop,1
Myrtille1975,578
mapper999,1
gdemers,3
h10n,1
terabotron,1
Philippe Mercure,10
Carcajou,5
Xapitoun,58
Guillaume Coulombe,1
PurpleMustang,3156
n_t,119
lsjlewis,66
hofoen,38
egmichau,2018
benwah,20
Hudson Resident,9
glendalais,6
Jake Strine,1
VE2ONR,1
Vince_Vion,4
acotte,1
MarcoMtl,3
petr_balicek,51
jesse3a,1
Kewvention,26
cindy_dp,275
Peter Dobratz,57
philefou,85
thomas_det,131
juju42,1
Larry Japson,1
tibobliss,1
Frederic Coderre,1704
SDimona,2
aloxmtl,17
Le_gars,73
noperante,2
Sergii Pryshchepa,1
Andre68,95
Sergyos,27
maxaube,5
Rémi Audette,2
xyz32,1445
JeffreyLorenzetti,49
Skywave,23
1rice,3
marconius,2
Buandflu,1
Zehra Inceoglu,1
Proslier Jean-Philippe,3
popy1970,8
othman92,1
F3K,3
line_allo,93
Leflibustier,25
jumbanho,76
Supercar1000,11
Creando,14
Abdesed,1
Frapol,1
guibar,2
Pepilepioux,1
Adrien_L,1
werner2101,458
gb1978,3
exxos,1
Circeus,6437
bdiscoe,68
daudet51,6
BeJay2000,142
AaronAsAChimp,48
ongolaboy,4
Don Rhummy,1
NILEM,24
scollin,1
MrBishop,1
Funnybob,25
botdidier2020,10
DarXViruS,2
GeoPete,877
Claudius Henrichs,13
mrw6060,1
tom624,16
cart0,1
abel801,58
AndiG88,1
Jenifer,440
Jean-Philippe Blais,1
Pierre Bonin,3
yannr,1
Joebert Araullo,1
LouisTheLewis,42
hanoj,1
Steve Mitchell,15
cmdrkeen01,86
YUL1965,12
nive,2
rajathiraja,12
mglane,1
RainerWasserfuhr,1
berniejconnors,10
Biina,14
osm-sputnik,5
Mbil,1
balqan,4
srajotte,81
FastAlan,1651
ForceQc,1
flap_152,2
OlivierHill,53768
karlcow,13
bed415,14
morray,2
webfil,1841
mar_inus,2
jfire,4
Evenstar,1
magellan,91
Francesm007,13
julbaxter,4
saeed1925,9
bohegeek,40
Googol036,8
JitenshaNiko,1
kafitz22,21
Boff II,19550
rousseya,119
shravan91,2
gpsguy58,76
Vincent Broman,5
bbulzak,9
Pascal Lépine,2
davecessna,3
ribnreef,1
Pouss-pouss,6
li_char,19
mjf87nl,35
dgelinas21,15
JF Giard,1
MichelRobillard,4
beaunic76,2
sbourdon,7
Matt,1097
coconutcat,17
Brian@Brea,18
florinbadita_telenav,1215
Frederick Prigge,2
stucki1,1
Rouge Taureau,3
Abecohen,4
SmartPixelTV,2
tylere,235
Joblolabinette,1
RiouxYz,211
Dimitri_Junker,1
RGiskard,7
Perron Hosting,1
marierm,1
maxerickson,6
tmcw,56
Cat LRche,1
Carl Tessier,91
mdmap,16
ajashton,191
Baitxu,1
MontrealErick,21
Jak645,3
Guillaume Matte,1
Head,2
tassia,2
whjms,12
Hoedic78,26
Patrick Charbonneau,1
woodpeck_repair,195
ediez,12
geodreieck4711,43
ezr2,21
Amaroussi,1
n0dr0g488,56
digicult,28
Katak,64
cesine,8
fleclerc,3
Evan Prodromou,8
ediyes,79
Frédéric Latour,202
bjoernchr74,5
mauvallee,6
photo-genie,50
BrunoL,10
j4p2m2,7
Moovit Team,2
kartler175,13120
Jsmaster24,7468
mootinator,1
Candy Gladstone,1
jfreddd,2
OpusTerra,2
brssrd144_bot,116
PascalRobichaudDO101,77
le@r,33
ptaff,3176
Peter Laws,2
Alex_erson,2
nathoo9,19
Jean-Francois Fortin,20
Jimmy Bernatchez,5
gzackt,1
Alexanne Laplante,3
anitpalc,35
Jochen Topf,6
ypid,2
AN_DP,3
joelcollin,4
Jobillico,1
Louis Carrier,86
f00bar,8
skorasaurus,2
jiujiuw,18
michael colvin,1
tray56,2
DoubleA,2
Martien Sch,3
Test360,4
GL2,2
ROBPOIR,6
somehow_different,4
Al Duder,1
phmongeau,169
mcwetboy,12546
Vincent Meloche,1
robertjd,197
FahRadler,60
odaigle,390
Luc Simard,2
coleman,1
ratovan,5
Noclean,36
spou,259
Jill1989,7
emdx,23
CHL_DP,103
nithya,1
bog500,16
wazkero,7
AlexGorn,725
Djof,182
Rupert Swarbrick,166
Pingouin Voyageur,342
Martin Levesque,20
shvrm,3
riordabr,11
wagaf,2
Vincent TI (DP),99
MapBl,1
Mathieu Bruneau,17
sebandjohn,2
Soulattack,1
fauteuxk,3
tragique,8
konu,6071
migoumagouille,27
claysmalley,100
krzyspmac,1
P F,27
agraham,1
caromimo,34
MaxPlante,26
wsnmap,1
Helmony,2
optika,71
carlhughes,30
Klownbaron,15
CC3705,39
Stemby,8
DanGallant,1
pimarc,28238
Esperanza36,85
Laboaugerapp,1
fsteggink,10
RileyBurns,40
DavidZ,14
StellanL,206
Emilie Vacher Detoux,8
richlv,22
David J Musgrave,2
David Bradshaw,12
samvermette,5
TranscendentalPi,2
JasonBouchard,5
hca,1
qche,6
JFCircé,2
matty339,85
Sam Vermette,6
steak country,9
Paul Shepley,9
Jonathan ZHAO,9
Ijon_Tichy,155
lapoing,6
Andrés31,627
jc67,1
jiuw,1
Alexandre Markus,43
jbois,7
Becer,2
stevens,30
Réjean Ménard,901
Clauderay,1
mlhamel,7
dega,8505
Alex Roy,4
steverumizen,169
Dieter Schmeer,7
freed003,5
Destinet,2
B_Mike,41
Montreal0131,6
Rellec,34
edrummond,15
elbatrop,3
Hideaki_T,9
ckmcc,5
jlcrcfx,2
Vetal_ca,17
driveslowly,2
jkeyzer,78
Grant Heaslip,2
Martijn1974,15
gtalbot,392
plrigaux,7
Stephane pws,1
RicThot,15
André Morissette,42
Gwen3103,3
david123123,3
dibdidit,4
rivas,2
Jonatansan,6
FrankDaRoad,9
pemessier,556
Admin PNDA,4
Calystod,5
jinalfoflia,129
Yo_y,3
Skybunny,1
atoussaint,35
mackerski,1
Olivier Grégoire,1
Pjboud,1
ahinves,68
FButsch,1
Zethradon,1190
NPelletier,3
scoates,7
PierreBou,22
lapaffe,1
cacheurs,3296
pmlozeau,29
mimyetcie,10
jptitanic13,5
TristanA,3546
Torhuk,2
S Lawrence,16
Alexandre Bourget,1
Mei3450,1
djiamnot,1
marcaparent,47
drukqs,3478
fla_2,587
Åndrew,1
VitalyUstinov,1
Quagmyer11,1
Cpack4rd,15
karitotp,126
Stephaneracine7,1
sfyn,1
katiethomson,3
SomeoneElse_Revert,28
brogo,11
gcamp,81
helmholtz,435
Eric Labossiere,278
dhalbert,2
enaumov,63
clairehhlin,51
ChefPopo,16
rnajera,19
Données ouvertes 101,1106
Michat,8863
TrvrHldr,1
cyclopath,12
lulumtl,289
Phfora,16
Gael Hameon,104
CEME,33
dannykath,114
pythagore-MGi,224
Andrew Fish,32
Xemian,1
Peck_SS,1
seav,4
piligab,11
nicoahn,15
ruph,20
loosepiston,1388
Qehgt,2
Francois Beaulieu,159
Sylvain74,204
Antoine Massé,6
isabellekh,2
gqjtcbit,24
PYVP,2
geotandem,135450
Lescalier,33
papanounours,64
Tzeentch,116
pozine,646
simark,3
dyingtrees,52
kazoo,6
Louis Charette,1
Aury88,5
Pepper,751
Biff,176
almich,1
Michel Cordey,1
MVT TRANSPORT CONSEIL,1
Maturi0n,18
Marco Maury,1
jaakkoh,159
Fred450,170
PatrickDesjardins,18
mccfrank,1
Nikelman,4
Bertr,63
F8Full,2
daganzdaanda,23
calfarome,107
Faster Logistics Montréal,4351
Thaddeus14,11
huschu,25
JKAP,1
djo0012,826
Frédérique91,20
Aleks-Berlin,8
paspartu_0,1
Theodin,1
Martin Chalifoux,20625
HJA,3
brookjacoby,3
justinsulpico,46
apexsciencess,43
flemay,843
JasonWoof,43
jzikovsky,34
soldari,1
malenki,36
Mikado,1
boumboum121,6
Jean-François Ménard,3
MFerlatte,3
fredjunod,10
Alexandre Boulanger,38
PierZen,132340
Hervé Saint-Amand,3035
erjiang,3
Alexandre1545,21
Azzitizz,240
rumpelsocke,8
T_9er,5
ayhanozates,1
ptrudeau,2
Mavy Mav,1
Laezo6eu,12
Pavel Lepin Montreal,6
Stefan Monnier,115
fpb1,1
Himké,102
gregoirevin,756
Etienne de Villers,15
Philippecoss,2323
charlescm,78
Prooffreader,1
DuFF1,181
c1954m,7
benthos,817
justindl,2
dr ingrid,2
Mercator58,65
mikewilliamson,112
bobob400,1019
RM87,1
varm2201,1
Panoramixia,2
uplanndit,158
van Rees,6
MissB,1
pjsanon,22
Ulrik,6
ppdiaporama,13
Bkissin,268
Korri,54
jackquack,1
Gildas Tunwa,1
zephyr,730
gormur,15
MontrealSelling,1
matju,4
grin,1
edugas,29
pizzaiolo,3
Pierre02,6
martinlmtl,120
de vries,1
JLR_TER,4
andrewpmk,236638
mataharimag,39
BugBuster,45
wandsecacher,2
xbmac,26
AV31,12342
leuty,96
Med,5
Joeinsta,11
kormieh,11
jgc,56
EntreprisesLS,1
AltijdVerdwaald,29
SergeiChe,1
Webman25,9038
rborduas,9
Tonydee1,8
kce1900,478
CloCkWeRX,9
BuganiniQ,9
ansis,3195
wvdp,35
ragoo,17
beatnickgr,12
SimonPoole,726
judymtl,2
Histoiria,368
YaZug,1
geobase_stevens,180
Asakha,212
HotelPORT,1
user_5034,251
cderome,4
airlifter,174
Markus59,2
osmapab,198
djana,116
Marie-Michel,1088
Joya Resto Bistro,1
Salsa-Montreal,28
jbreulet,201
dfauchot,1
DerRote,1
Steve Breault,4
mabran,49
Ulrich,34
logicp,5
Math1985,2
Pyttroll,2
stark,213
elperepat,105
JCGPS,1
MAG94,233
kuanghuiheng,1
nico@mcgill,14376
xMonji,1
GerdP,419
Philippe Cote,60
Javalar,2
gorn,90
geochrome,47
Alize466,47
Paul Johnson,1
vtpu,247
jdalco,1
tfitzg,63152
may3450,3
smellyspice,17
enwpCoren,16
Abjiklam,2
Mistadouf,61
Gideon Zwygart,82
ThomasAstra,1
Jock-tv-32,5
Zzub,27
gabis_telenav,265
krazdax5,12
SergeySimeonov,16
uil,1
Nazmus Shakib Khandaker,2
jess24jess24,1
demetane,8
RichRico,238
OleksiyRos,1
Hans Deragon,40
Rub21,11
Bestter,1
zehpunktbarron,22
cmonagle,1
Warhobbit,2
Swiq,9
h-nex,3
DBG1,7
fmarier,8
greecemapper,29
FrViPofm,247
Mark Bonspille,1
KENSER,4
ljjwfr,406
Matt1993,25
w1n5ton,4
williamsmdr,1
danva,1
D@niel,21
brssrd144,4887
Mehdi_Ls,6
emarsden,1
Stephane Senecal,1
t-i,2
patcorbeil,7
Romain Michelle,2
AarDVark,36
fuego,21585
giotta,1
Daniel Patterson,12
thezenpilot,11
TOGA,1
BenjaminR,66
xybot,208
amartineau,266
hakan,17
XB1230,2
ramyaragupathy,14
stevequirion,37
begtel,3040
Manu1400,28
Chris Sunderland,22
fredcote,198
CBAXXX,1
Hot Rat,1
Oberaffe,2
Adrian_ca,2
Kriskuss,2
Oli-Wan,1
Kishanlal54,15
lea lacroix,17
bergymen,37
Claudia Xiques,37
Marikaka,6
gillesdevarennes,10
tippobot,2
JASC BKN,3
ksturm2,523
Arrondissement de Ville-Marie,2
aurelien taine,1
MCNelson,118
julien bourque,949
Perizene,100
42429,5712
MathieuDD,10
mike_1103,2
anarcat,1312
sch0052,1
MapWes,3
AsD1105,1
benoitEnGuru,976
mric-can,33
didier2020,1
khaosryder,3
Paul Lacourse,2
Jocelyn Delalande,1
Octomo,24
FireNoodle,25
matqcca,10
belanger,2
vcurl,48
Mathbau,1
Alain512,402
super luigi,5
Yves Brault,19
twq,6
Grizzlyjet,6321
perefouras,180
djef123,5
Valkir,1
Arsenof,1
TomHynes,8
Valerie007,793
m80,6
R@sweetiq,16
JF_DP,287
Victoria Majeika,2
OC_Transpo,4
ramank,2
jacobbraeutigam,1
Tanya C,5
Pascal7510,85
EricP,5
4b696d,8
bmenant,1
jgpacker,16
Charles Poitras,4
apolloneb,4
brousselaine,1
luey33,9
parepx,15
Eloise Vella,11
azub,1
Grillo,5
Tanid,3
hugi,25
marnky887,65
lvlgps,79
andygol,14
matrep,2
Krina,10
eduplessis,1
JamesMtl,55
gagol,2
yoltia,6
tdiesel,6
Guy Lunardi,2
Cadocadotte,54
Denis Gagnon,284
Smartcard,84
benjozorkfr,108
Victor Bielawski,2
mueschel,1
jrouquie,2
Charles Robelin,12
Matt Toups,1
Maxime Desmarais,2
Chetan_Gowda,115
Gerit Wagner,5
R BL,3
Peter14,5
btbuildem,1
Maarten Deen,6
MathMo,339
vieillecam,2
Joan Roch,3
Longtrekqc,8
Cathlala,4
ZekeFarwell,302
silenc-e,3
Nelson Kuitich,1
JFK73,287
Hauke75,19
Norm_001,1
mziehm,4
jieffdey,10
Jothirnadh,120
fnadeau,3
j_neale,70
Fabe56,7
erlis,2
rw_,5
andrepi,3
Bullroarer,1
FlyingGuy,1
hobbesvsboyle,14669
alexmath,16
Daniel Naud,3
Xavier Jodoin,1441
mvexel,8
tixuwuoz,6
lynnhb,11
samely,712
migurski,3
John Beales,6
Vanh Souvanlasy,1
Kim Gittens,2
highflyer74,5
rural_cdn,22
Adam Martin,6706
Svgalbertian,107
montaberne,28
nubushero,23
Latze,573
Hobgoblin,4
PiRK,1
Hyperchuck,2
guylifshitz,2
MarekZyskowski,9
papaDoc,13
BullMercier,10
csdf,1
Bibit,5
Eatsleeptravel,3
mtmail,4
maxim2895,1
ftothej,11
DenisCarriere,21
asalzberg,30
Jean Pierre ( John Peter in french),3
ste,38
dfmarx,5
mihaii_telenav,12
KindredCoda,39
MapyPete,45
maxime ayotte,5
Dash8200,1
sarahthi,64
jching,7
Luc_Tremblay,5
Clive Davis,341
michelle21,7
beweta,8
maggot27,12
DPAU,13
Vincent Fregeac,50
Nettoyeur Dorion,17
venerdi,22
Sami Dalouche,10
Zenthar,167
only1dave,1
MickaelUdeS,1
chetan_labuildings,24
tmtm,1
augu,144
Martin Boissonneault,28
RussNelson,45
Speight,11
taie98,8
chhamilton,11
Rick18,1
neodas,5
malcolmh,12
Pk86,1
habaryu,5
hfyu,1
jmdesp,1
mordusduchien,6
abbafei,7
David Wetzel,140
Chris Lawrence,4
Déjadead,7
DOHCtor,2233
Matt Marsh,132
dmgroom,3
Olafur Arason,1
ingalls,128
colasgrenier,20
Distcom,78
RenéPerronCouvreurs,1
Louismaps,1
Josef73,1
VE6SRV,29
Taroc,12
samdebest,25
Yahia Berrada,1
Emilieex,1278
Danny Lapierre,433
Brent Edwards,3
ebenneter,9
Eraser8,4
PierreLucDaoust,3
Jan8,42
jflamy,2652
jfweber,4
macgregor,1
ClaudiaNR,11
geozeisig,8
PatrickRicard999,5
daedon,5
GeoservicesFDFA,1
FPro,2
jumar,5
RoseY,1
Jedrzej Pelka,1
Yves Levesque,1210
Klumbumbus,1
JoseJesus,4
DLichti,60
Tomasz Mako2,1
Zinzan Studio,1
Jade_DP,17
aaniin,542
sjharper,19
dawnseekr,3
Helmchen42,5
fbmtl,1
Treebrain,736
pierreulysse,2
rw__,4091
Alan Page,1
manuela_butuc,79
hno2,10
Graeme5,16
xmd5a,7
TheVillager,1
Gagravarr,150
Porphyrion,133
Logements insalubres Montréal,6
Percy Jahn,1
Marcrac,25
LaMarmotte,4
lemieux,8
silentmapping,755
treymolo,293
osm_validation_and_improvements,12
Max la menace,1
Sorbus_x_kewensis,8
strudel,90
AmélieLR,16
Christouf0676,6
chasu,3
provoste,3
Joshua Lamorie,9
ToagaDevWorks,11
floriansca,1580
jnathan,1
PL084,7
Cédric-Fasterlogistic,8
Alexandre Vallières-Lagacé,16
MagicFab,1536
algorithminflux,1
sjacques,163
kilwhan,6
lordoftheonionrings,5
LouiseLDP,128
mab88,148
Ninotna,1
A G,63
Gabriel Dominguez,7
CarlosDeMascouche,20
VadimSolomko,7
started_contributing,71
Damouns,5
Renaud Lavoie,123
onodd,16
gam3,1
chelseascalia,23
Jean-Francois Legendre,33
submedium,4525
dapon,1
talldave,4
prondo,4670
Kaligrafy,9166
RonHachey,4
Ido Marom,76
Jean Schurger,2
atbutt,9
LHoust,10
Danco3,14
flmgee,2
RamyM,1
EricHogue,16
jon_snow,729
Frederic Sheedy,164
capiscuas,5
Rick Waters,8
salix01,17
rasheed,3
Hb-,64
Trevor Starick,1
daniel113,16
naddnan,3
SkaUrMom,27
kevmegforest,1
houhetkort,1
technicien4,21
adjuva,40
Nishan,1
pej,210
Davio,12
histat46,17
caroy,2074
GuilloOme,262
Mark Aboulker,1
floscher,2
bgm,127
Jean Marcel,18
Patrick Hetu,14
jfsimoneau,66
adi_z,2
matn1,11
sorinakis,1
Chantier Économie sociale,1
jgruca,9
PeterKD,1588
Daniel@nrcan,64
stevea,20
gozmir,1
unknown2,1521
Marcel Despins,11
lokejul,1425
fcm7,39
groov3,5
Pascal Lapalme,415
Louis Granger,3930
Slyd,2
bazump,4
GeogLena,2
famillegiraud,8
dkwolf,16
MyGoodMap,9
ChrissW-R1,3
Clamus,3
BTM Canada,2
nickel715,2
carrajerry,1
The hiker,382
Pmz,1
benjozork-,26
emacsen_dwg,1
Hugo Roy Girardin,1
NE2,84
bibi6,2
cyrlou,13
ColdNuke,1
Cristian Muresanu,1610
ManForest,2
xmaps,262
SteadiDan,4
p0llito,1446
BiIbo,1583
TheDutchMan13,1
Tester,3
Shwa,12
Vrai gamer,5
manozorro,3
Yan Morin,27310
kmrhb,6
bsamap,1
valleed,6
choess,3
Lëa-Kim,1
freietonne-db,2
spaceboys,9
andrewpmk_imports,18
Serge Dupéré,1
dankarran,1
BrunoRemy,8975
Nakirasu,93
Rockear,5
pingoo,26
Eric Bégin,51
mikelbyl,5
Marie-Claude Décarie,1
PCaron,7
kay_D,45
Montreal South KOA,3
cosmin2,1
wilwork,1
momashi,24
Art Penteur,3
Mirabel Informatique,5
Jaco Bernier,2
Icechen1,4
Ed7789,1
Viet Hung,1
thomas1904,1
pierlux,1866
DNess,34
rudeboybert,5
yurasi,25
ryandrake,18
NGPixel,20
MrMapper123,35
MLperso,33
eugenebata,93
McSoo,2
badpap,4
Match450,1
alfletcher,90
Geospizinae,5
Maeslin,654
stealth70,225
LDumouchel,32
Remy N,2
PhilViau,8
landfahrer,1
Sidneybechet,170
confusedbuffalo,2
Alain Dionne,22
Francois Bolduc,114
Gizmot,12128
Onstar100,2
nm7s9,3
Lyverbe,1
collinm,12
minewman,502448
billybob452,18
Bill Ricker,56
gmillaire,16
Christian L,2
DKNOTT,1
Pascalin,1
mousetrapper,97
Voyage Vasco Infini,8
bedch,27
oldtopos,168
bertogatti,1297
Sandrine Le Tacon,8
jfcote82,81
Marcussacapuces91,5
micah,33
NDChartier,7
Goozak,10
ebrelsford,3
MarathonMax,2
DPHugoR,983
niten,11
yzavadskaya,30
Ti-marc,14
Yif,4
uboot,70
RéalSNQ,4
SMP,2
ArnoldM,2
Glambino,32
imagico,62
bwdn,3
pbyron,20
Polarbear,1
MMici0,1726
Chris Lefranc,13
The_Tom,12
CJHOSS,17
NanoMe,14
Gutsycat,17
ruthmaben,58
Pierre White,5
Marc-André,10
Polyglot,9
Blanca Mancilla,7
Yan Brodeur,3202
steflef,17
71_FIL,2
Canada cib,24
Alistair,8
Alouette955,13229
MKnight,2
Bootprint,1073
Al Mamun Reza,26
neuli,1
Ehtaga,1
rmikke,2
Olyon,4
kocio,28
davidr341,2
greggerm,1616
ogouge,1
wheelmap_android,39
maplant1,14
srividya_c,4
jfd553,199794
wheelmap_visitor,476
Sebastien April,77
kevjs1982,5
robgeb,9
Jassin caminero torres,1
Cindyweeks,26
lemba,30
mjn,6
zeflat,2
Benoit Rochon,21
MATessier,384
DMarois,13
cerveaupro,243
jmr_dp,80
Marc Vaillancourt,19
MA Fleury,1
Willie_Theaker,37
Sanderd17,37
satri,244
tortuehallucinee,36
izaabelle4,1
louis_m_c,361
Albeirich,44
computer045,2
maxwellstein,3
NZGraham,1
adeverteuil,27
Andre Engels,6
nurbzulu,1
ulfl,10
Dalkvist,618
dree12,5
Matsushime,1
Houled2,9
benoitg,26
PeetTheEngineer,1
Markecc,167
frhuot,1
jaufgang,15
K1S4A7,15
wartek,1
Robert66,4644
vademecum,3
Phil Scherer,3
Tokoki,1
Etienne L Lemieux,1
raybechard,1
zongzi,1
dominastrum,185
laboisson,69
fgagne,3
mdarscott,2
lordhong,16
MrGecko,6
Verm,4
Felix-Herve,5
BernBiz,3
Atnetion2,14
oiram22,23
splusa,2
Gone,109
KiyokoPeres,37
BigOrange,24
faress1210,37
Nimbto,2
dsavard,31
fg cartographix,382
Japa,16
Rijkk,171
scruss,1
kevin84,1
RRA,27
Jupreyes,50
Nath Cooper,5
akiyamamio,1
Ant6n,10
aighes,7
Mike McCullogh,19
big ben,22
tyos,4
peakwinter,111
ElChovo,34
fx99,8765
CanadianAwesomeSauce,39
ldrapeau,2
rorlan,112
salocinbake,400
Real Lefebvre,1
Baudy,1
dpd,138
Harald Hartmann,1
robertf,1037
Viktori(a),2
wallclimber21,3
PVDK,14
MysteryNight,1
DennisL,11
Luis Fernando Lopez Mejia,4
François Fournier,4
Drizzt,18
jeffgirard,16
PA94,18
lgendron,3
TomT5454,303
RetiredInNH,16
hansemann1234,9
Jean-Denis Giguere,12
KBoustani,221
PlaneMad,156
KGHalle,1
HolgerJeromin,3
Jean450,1494
Mapp-3r,23
EyesFromAbove,1
elabonte,5
Philbike,2
pireps,4
ridixcr,25
Ezkapaz,1
ydespond,22
mega2181,5
Omnific,2
Christoph Lotz,116
ChipStar,3
Valérie Courville,7
VaishnaviRaj,1
BoneMaster,1
pierred,13
pierrec,2378
jefflag,3
Tuyo,63
andreb620,1
MoG,7
kempelen,1
Terrebonne,3
lintest,3
chfyang,3
arecksz,2
misprediction,6
Coolsim450,4
Nalmar,4
Alexandre Chabran,1
cycleP,1
MrFier,180
njaard,9
smehenni,12
cimnine,1
Gicl,10
Alan Bragg,1
andbox,60
Bernard Olivier,22
lavamind,4526
ajmas,40
NichG,2
andré33,6
SoundChaser,1
Francois M,1
Marc Gauthier,2
jfgratton,27
Roger St-Aubin,35
wmann,2
Ntchi,1
GuyDeMont,1
Renaude Laberge-Boisjoli,16
sfolco,89
Conradb,22
ve2jin,159
Scrup,340
Hitokiri79,19
Totonsky,5
AutoCoinage Bitcoin ATM,8
0x6adb015,5
jot,3
Constable,15
K_rol,27
smsm1,1
mtlmarco,3
Data411,1
joseph2rs,16
Nate_Wessel,22
dmgroom_ct,181
Eric Beaudry,8
zeromap,8
Cicerone,9
maurice brochu,1
benjozork,1924
GVB59,23
Francois Fortin,338
RemovePurple,942
billux,1838
ZeeKhar,8
360 Media,1
tomrag,6
Dam_ned,3
jpgallo,63
Mathieu Dumoulin aka CrazyCodr,216
Frank Warmerdam,4
GabLeg,3
arnaud bavencoffe,2
Francoisepro,26
John Cry,1
kojojo,1
Camilo Lopez,24
rroy676,9
x0c0,11
JR 6point0,10
DevonF,19
joedal-osm,126
jitterjames,617
Axelf,110
Herisson,373
PLV,37
standarshy,4
FrancisMD,65
zacmccormick,1
La Remise,1
yassine zellag,1
caw334,2
Marvin101010,1
sessionclerk,1
Xikshai,1271
Olivier Diotte,363
procyon43_import,126083
oini,16
Flomalenfant,3
Ronald Houde,50
petersfreeman,216
mcld,60
Géomatique Ville de Sainte-Thérèse,97
lokyiu,20
Urgoll,1084
BTessier,5
Martin Lavallee,46
T-T,1
JFGiguere,40
FireWave,31
janierj,4
Ykam,9
7503146,19
Emmanuel Delaporte,2
milpat,1
Le marcheur,3495
Olivier411,1107
tommy_pelmorex,1
abar,129
Alidor,3
australopitek,4
permute,407
OSMchis,44
Christian Gemme Lamarche,12
christhebloke,47
Allanot Nicolas,1091
penumbratom,1
Dinalyssa,4
Davidd419,569
jpgoulet,2
CareyM,17
goodeye,61
Madame Petrouchka,2
b108,3
deyneko,88
Lekops,1
flying_sorcerer,1
minotaur013,6
ianmcorvidae,2
oligel,445
ProphetKyro,1
Francis Giraldeau,12
R0bst3r,9
ltetreaultp,59
greenscientist,582
mapii,1
Roadrunner21,26
kisaa,34
arthur_d,104
MaxiWheat,5
ericpoirier,9
piejonoray,68
antoine3001,1
Benoît Pruneau,4
kiddo,2847
Sparhawk,1
Rps333,1607
Mircea Vutcovici,7748
LFB_DP,24
FvGordon,73
sleger,1
sebleblanc,33
oldenburg69,8
MoH4M3L,2
MatthieuMartin,6
mikrosimagecanada,1
mricon,10
Ruseter,6
jowel2888,834
Gauzy,15
user_5359,72
Vincent Demers,1
ennick,8
Eric_Charette_Valois,1
jaddle,1
theman,46
eric lemieux,36
SimonMercier,2640
Wikiii,1211
roux!,1376
Michael_Dorado,26
Stéphane Griss,3
Gokce Kinayoglu,3
geobase_fsteggink,7699
Mathieu Dumoulin aka CrazyCoders,47
ErikJ,3
Philippe Beaudoin,30
tyr_asd,3
elecnix,1552
Geomartino,2
Celada,443
Hérisson,2972
frenchbazou,14
Harkmark,380
ygunit,57
Oliviatq,1
Montreal Drones,1
batmanbond3d,1
Émile Cardinal,58367
Jacques Drolet,3
mgmcc,2
canvec_fsteggink,248994
Luis36995,124
mochouinard,68
Alan Trick,59
michelgodin,8
Geogast,64
wambacher,6
dk_hk,1
akobelan,4
Fleischier,114
ricardo medeiros,5
Félix Pepin,20
KaalN,77
suzanneDP,191
Sadat Bhuiyan,4
Brutalboy,50
filopt,4823
Contributor,20
Merl!n,142
Proximito,5
